07.02.2019 00:00:00	3,7921551344	3,75585911476	3,75517208411	3,76130820214	3,75852450261	3,764438655924	-0,00480148995838	3,7955226512
08.02.2019 00:00:00	3,7955226512	3,76979757404	3,75652939065	3,76332860364	3,7619961177	3,76460405245	-0,00244566158751	3,8162525422
11.02.2019 00:00:00	3,8162525422	3,78484362638	3,76277366747	3,76596465002	3,76564122061	3,764798298614	0,00135015577548	3,8295856941
12.02.2019 00:00:00	3,8295856941	3,80013483506	3,76947588948	3,7698053873266666666666666667	3,76922659775	3,766012827988	0,00820533582538	3,8288367979
13.02.2019 00:00:00	3,8288367979	3,81247056396	3,77695489695	3,7735318931866666666666666667	3,772429786315	3,76705474574	0,01412699995283	3,8500177494
14.02.2019 00:00:00	3,8500177494	3,82404308696	3,78995110086	3,77812908506	3,776991923345	3,768500917882	0,01939040754044	3,8460923623
15.02.2019 00:00:00	3,8460923623	3,83415702918	3,80197730161	3,78240527016	3,781035710025	3,770353959798	0,02301355154357	3,821680791
18.02.2019 00:00:00	3,821680791	3,83524267894	3,81004315266	3,7869300046266666666666666667	3,78328415725	3,771349844422	0,02402012095834	3,8380556047
19.02.2019 00:00:00	3,8380556047	3,83693666106	3,81853574806	3,79196281334	3,78658820576	3,772556379826	0,02396441185345	3,8304531829
20.02.2019 00:00:00	3,8304531829	3,83725993806	3,82486525101	3,79705657732	3,789463904405	3,773719132694	0,02267407929423	3,8176853972
21.02.2019 00:00:00	3,8176853972	3,83079346762	3,82741827729	3,8035652231133333333333333333	3,7912951807	3,774937610878	0,01941169694418	3,829580574
22.02.2019 00:00:00	3,829580574	3,82749110996	3,83082406957	3,8104819043933333333333333333	3,79367673011	3,775981283172	0,01595831939244	3,8185821224
25.02.2019 00:00:00	3,8185821224	3,82687137624	3,83105702759	3,81565256052	3,79691534753	3,776579965986	0,01161539299950	3,8096998504
26.02.2019 00:00:00	3,8096998504	3,82120022538	3,82906844322	3,8194239071666666666666666667	3,79927216635	3,777274886396	0,00572786547376	3,7893904795
27.02.2019 00:00:00	3,7893904795	3,8129876847	3,82512381138	3,82090606224	3,801039354165	3,776901419956	-0,00009868846304	3,7744393833
28.02.2019 00:00:00	3,7744393833	3,80433848192	3,81756597477	3,8197250121666666666666666667	3,803758537815	3,77685013179	-0,00408596140962	3,7859966617
01.03.2019 00:00:00	3,7859966617	3,79562169946	3,81155640471	3,8190899462	3,80676685316	3,77724616593	-0,00798916658951	3,7919202611
04.03.2019 00:00:00	3,7919202611	3,7902893272	3,80858035172	3,8174677941266666666666666667	3,80931175219	3,77797190127	-0,01009796407182	3,7969811987
05.03.2019 00:00:00	3,7969811987	3,78774559686	3,80447291112	3,8152941611	3,81150432959	3,77902548909	-0,01068223610890	3,8032728881
06.03.2019 00:00:00	3,8032728881	3,79052207858	3,80175488164	3,8135899004466666666666666667	3,813310066325	3,780005963498	-0,01134262393850	3,8143021915
07.03.2019 00:00:00	3,8143021915	3,79849464022	3,80141656107	3,8112088632533333333333333333	3,81441741918	3,781172792742	-0,01022594799017	3,8319372661
08.03.2019 00:00:00	3,8319372661	3,8076827611	3,80165223028	3,8102651901733333333333333333	3,816238149925	3,7823171195	-0,00758464968763	3,8237282106
11.03.2019 00:00:00	3,8237282106	3,8140443510	3,8021668391	3,8104016848133333333333333333	3,816611933345	3,783659852038	-0,00370466372826	3,8132150776
12.03.2019 00:00:00	3,8132150776	3,81729112678	3,80251836182	3,8087456496733333333333333333	3,81579340252	3,784790529136	0,00025461073800	3,8036804388
13.03.2019 00:00:00	3,8036804388	3,81737263692	3,80394735775	3,8069608000666666666666666667	3,814535584565	3,785468858452	0,00192601365659	3,8098273572
14.03.2019 00:00:00	3,8098273572	3,81647767006	3,80748615514	3,8064369307333333333333333333	3,812526064955	3,785925187056	0,00365186808784	3,8069508313
15.03.2019 00:00:00	3,8069508313	3,8114803831	3,8095815721	3,80492828122	3,810568988405	3,78672087298	0,00451061413208	3,7870296942
18.03.2019 00:00:00	3,7870296942	3,80414067982	3,80909251541	3,8028247860066666666666666667	3,808836433565	3,78748025236	0,00344542955852	3,7752245114
19.03.2019 00:00:00	3,7752245114	3,79654256658	3,80691684668	3,8005264300733333333333333333	3,8056948789	3,787713763568	0,00123524163206	3,7725911573
20.03.2019 00:00:00	3,7725911573	3,79032471028	3,8038486736	3,79940647526	3,80280177762	3,788145071656	-0,00245329495803	3,7592869061
21.03.2019 00:00:00	3,7592869061	3,78021662006	3,79834714506	3,7983963101133333333333333333	3,799881853065	3,788846197728	-0,00606957904923	3,7969385949
22.03.2019 00:00:00	3,7969385949	3,77821417278	3,79484727794	3,7991257723266666666666666667	3,79824975411	3,790263162638	-0,00684391526565	3,7927593819
25.03.2019 00:00:00	3,7927593819	3,77936011032	3,79175039507	3,7991817137133333333333333333	3,796958617085	3,791251340596	-0,00735164209485	3,8024975644
26.03.2019 00:00:00	3,8024975644	3,78481472092	3,79067864375	3,7995494714266666666666666667	3,796598502785	3,792143728858	-0,00750075000060	3,8128052571
27.03.2019 00:00:00	3,8128052571	3,79285754088	3,79159112558	3,8001849626933333333333333333	3,797769241665	3,793104373468	-0,00672619896418	3,8286682118
28.03.2019 00:00:00	3,8286682118	3,80673380202	3,79347521104	3,80114269738	3,80048068309	3,794502237528	-0,00354065527672	3,827859368
29.03.2019 00:00:00	3,827859368	3,81291795664	3,79556606471	3,8008708375066666666666666667	3,802573818405	3,795755092314	0,00029958319763	3,8260946956
01.04.2019 00:00:00	3,8260946956	3,81958501938	3,79947256485	3,8010286031733333333333333333	3,80428254013	3,796742749296	0,00407752823502	3,8350892857
02.04.2019 00:00:00	3,8350892857	3,82610336364	3,80545904228	3,8024868837133333333333333333	3,80618794448	3,79800504232	0,00933602182738	3,8183758783
03.04.2019 00:00:00	3,8183758783	3,82721748788	3,81003751438	3,80346657968	3,80694309399	3,798913775686	0,01012983115156	3,8231571441
04.04.2019 00:00:00	3,8231571441	3,82611527434	3,81642453818	3,80435523214	3,80738584162	3,799755721142	0,01121539548463	3,8188373542
05.04.2019 00:00:00	3,8188373542	3,82431087158	3,81861441411	3,8051476670	3,806730846025	3,80049347651	0,01102549051643	3,8135337009
08.04.2019 00:00:00	3,8135337009	3,82179867264	3,82069184601	3,80691460078	3,80622112054	3,801687955048	0,00990381607846	3,8015429636
09.04.2019 00:00:00	3,8015429636	3,81508940822	3,82059638593	3,80866916426	3,80563751484	3,80246754484	0,00697147922302	3,7975884387
10.04.2019 00:00:00	3,7975884387	3,8109319203	3,81907470409	3,8103356496866666666666666667	3,805332914835	3,80333837915	0,00377504352690	3,8023792614
11.04.2019 00:00:00	3,8023792614	3,80677634376	3,81644580905	3,8132084733733333333333333333	3,804960510045	3,804984850172	0,00106156077866	3,7802314283
12.04.2019 00:00:00	3,7802314283	3,79905515858	3,81168301508	3,8120946622666666666666666667	3,803624539895	3,806072871642	-0,00334381128426	3,7781313533
15.04.2019 00:00:00	3,7781313533	3,79197468906	3,80688668085	3,81111946036	3,80317962285	3,806815053098	-0,00642838691152	3,7809818664
16.04.2019 00:00:00	3,7809818664	3,78786246962	3,80147593892	3,8096850804933333333333333333	3,8034674906	3,807372097412	-0,00865388559454	3,781169808
17.04.2019 00:00:00	3,781169808	3,78457874348	3,79775533189	3,8075760505533333333333333333	3,803896423135	3,807652330504	-0,01040353794897	3,8032
18.04.2019 00:00:00	3,8032	3,7847428912	3,79575961748	3,8058781697666666666666666667	3,80609207783	3,807873227816	-0,01015829061320	3,8118274789
23.04.2019 00:00:00	3,8118274789	3,79106210132	3,79505862995	3,80480937716	3,80683652203	3,80819932437	-0,00834556164246	3,8269247926
24.04.2019 00:00:00	3,8269247926	3,80082078918	3,79639773912	3,80486471696	3,808544792565	3,808412769378	-0,00525879526558	3,8613683359
25.04.2019 00:00:00	3,8613683359	3,81689808308	3,80238027635	3,80661665364	3,81148833114	3,809048422214	-0,00094505989683	3,8514326776
26.04.2019 00:00:00	3,8514326776	3,8309506570	3,80776470024	3,80882044026	3,813419702165	3,809500339808	0,00402387228348	3,8514798206
29.04.2019 00:00:00	3,8514798206	3,84060662112	3,81267475616	3,8107086186933333333333333333	3,814560282605	3,809529581232	0,00883728782200	3,8213585309
30.04.2019 00:00:00	3,8213585309	3,84251283152	3,81678746642	3,81087669714	3,81423524075	3,809034904604	0,01094563069534	3,8173385658
02.05.2019 00:00:00	3,8173385658	3,84059558616	3,82070818767	3,8111303548	3,81379743426	3,8089480601	0,01270125300740	3,841595697
03.05.2019 00:00:00	3,841595697	3,83664105838	3,82676957073	3,8138005370266666666666666667	3,814122754825	3,809018861946	0,01387765957686	3,8246271989
06.05.2019 00:00:00	3,8246271989	3,83127996264	3,83111530982	3,81560312104	3,814435320855	3,808902342266	0,01323529070106	3,8320965579
07.05.2019 00:00:00	3,8320965579	3,8274033101	3,83400496561	3,81758427414	3,814882291545	3,80919056548	0,01169112208642	3,8307445099
08.05.2019 00:00:00	3,8307445099	3,8292805059	3,83589666871	3,8209518129133333333333333333	3,81547764933	3,809213844198	0,00754376054569	3,835790226
09.05.2019 00:00:00	3,835790226	3,83297083794	3,83678321205	3,82479573776	3,816590475585	3,80955800627	0,00493836339573	3,8254674978
10.05.2019 00:00:00	3,8254674978	3,8297451981	3,83319312824	3,82776144652	3,817786702295	3,809873359218	0,00157304383659	3,8281903068
13.05.2019 00:00:00	3,8281903068	3,83045781968	3,83086889116	3,83089614644	3,8193167957	3,810649355764	0,00093016512097	3,8358275432
14.05.2019 00:00:00	3,8358275432	3,83120401674	3,82930366342	3,8330713159866666666666666667	3,82098920979	3,811877118962	0,00113684793742	3,8535276759
15.05.2019 00:00:00	3,8535276759	3,83576064994	3,83252057792	3,83585132912	3,82465402217	3,813227739246	0,00047675901175	3,834865661
16.05.2019 00:00:00	3,834865661	3,83557573694	3,83427328744	3,8363807203466666666666666667	3,827490737555	3,814086647244	0,00056913908145	3,8516827784
17.05.2019 00:00:00	3,8516827784	3,84081879306	3,83528199558	3,8357350165133333333333333333	3,831025783155	3,815180678838	0,00119489144925	3,8477657383
20.05.2019 00:00:00	3,8477657383	3,84473387936	3,83759584952	3,8354905538933333333333333333	3,83435557967	3,816070535842	0,00194477504578	3,8580772332
21.05.2019 00:00:00	3,8580772332	3,84918381736	3,84019391705	3,8359303814	3,83709944133	3,816946036676	0,00350067750417	3,8526541939
22.05.2019 00:00:00	3,8526541939	3,84900912096	3,84238488545	3,8380167589333333333333333333	3,83914077708	3,817360375232	0,00518099981247	3,8660561989
23.05.2019 00:00:00	3,8660561989	3,85524722854	3,84541148274	3,84126460114	3,841097347395	3,818206934998	0,00723315090834	3,8414230804
24.05.2019 00:00:00	3,8414230804	3,85319528894	3,8470070410	3,8412530933666666666666666667	3,84010008462	3,818771095054	0,00653116575669	3,8341668155
27.05.2019 00:00:00	3,8341668155	3,85047550438	3,84760469187	3,8418890678066666666666666667	3,839236791515	3,819380822588	0,00407788681371	3,8376518942
28.05.2019 00:00:00	3,8376518942	3,84639043658	3,84778712697	3,84225942356	3,838545395195	3,819937313328	0,00395962442593	3,8542488347
29.05.2019 00:00:00	3,8542488347	3,84670936474	3,84785924285	3,8438263785466666666666666667	3,840189910385	3,820883273396	0,00316472968075	3,8518950961
30.05.2019 00:00:00	3,8518950961	3,84387714418	3,84956218636	3,8449000365533333333333333333	3,8419177369	3,822180581434	0,00276409337881	3,8420769438
31.05.2019 00:00:00	3,8420769438	3,84400791686	3,8486016029	3,8460073329533333333333333333	3,84194179924	3,823517630082	0,00105152162595	3,8295037997
03.06.2019 00:00:00	3,8295037997	3,8430753137	3,84677540904	3,8460948991466666666666666667	3,84218562928	3,82465588293	-0,00067757184316	3,8066524369
04.06.2019 00:00:00	3,8066524369	3,83687542224	3,84163292941	3,84414989206	3,84091342323	3,825603193546	-0,00472311428351	3,8001243671
05.06.2019 00:00:00	3,8001243671	3,82605052872	3,83637994673	3,8405896714733333333333333333	3,83938241609	3,82566690899	-0,00681051968632	3,7979762116
06.06.2019 00:00:00	3,7979762116	3,81526675182	3,8295719480	3,8381303748466666666666666667	3,83749171537	3,825771245584	-0,00810724476665	3,7890534906
07.06.2019 00:00:00	3,7890534906	3,80466206118	3,82433498902	3,8339550889933333333333333333	3,83567101501	3,825502364108	-0,00967924981492	3,7730289355
10.06.2019 00:00:00	3,7730289355	3,79336708834	3,81822120102	3,8289726354733333333333333333	3,832912946445	3,824706837676	-0,01361245819583	3,7701413428
11.06.2019 00:00:00	3,7701413428	3,78606486952	3,81147014588	3,82311024278	3,829628636425	3,823536300296	-0,01679830317309	3,7629603462
12.06.2019 00:00:00	3,7629603462	3,77863206534	3,80234129703	3,8171306529333333333333333333	3,82510026994	3,82223831986	-0,01940091223280	3,7712817787
13.06.2019 00:00:00	3,7712817787	3,77329317876	3,79427996529	3,8108123582533333333333333333	3,821921075825	3,821142061522	-0,02012416433953	3,7757656458
14.06.2019 00:00:00	3,7757656458	3,7706356098	3,78764883549	3,8064351959466666666666666667	3,818125219195	3,819955588724	-0,01890731394833	3,7925048959
17.06.2019 00:00:00	3,7925048959	3,77453080188	3,78394894511	3,80365773464	3,815362177075	3,819438169076	-0,01612034146609	3,8072763029
18.06.2019 00:00:00	3,8072763029	3,7819577939	3,78401133171	3,80163269522	3,81282213056	3,819120552252	-0,01312193036975	3,8074417775
19.06.2019 00:00:00	3,8074417775	3,79085408016	3,78474307275	3,79851222474	3,81056150974	3,818892640718	-0,00988499887865	3,7636862121
20.06.2019 00:00:00	3,7636862121	3,78933496684	3,7813140728	3,7926316324733333333333333333	3,8054430104	3,817895690942	-0,00812221178253	3,7631671969
21.06.2019 00:00:00	3,7631671969	3,78681527706	3,77872544343	3,78737098268	3,801530216225	3,817128175608	-0,00601410203965	3,733982798
24.06.2019 00:00:00	3,733982798	3,77511085748	3,77482082968	3,7810029159	3,79652101535	3,815856062794	-0,00524285625157	3,7375307341
25.06.2019 00:00:00	3,7375307341	3,76116174372	3,77155976881	3,77639480238	3,791514957345	3,814559092248	-0,00517705208668	3,7517162471
26.06.2019 00:00:00	3,7517162471	3,75001663764	3,7704353589	3,77316759438	3,786388327965	3,813988788624	-0,00492013189871	3,7392260334
27.06.2019 00:00:00	3,7392260334	3,7451246019	3,76722978437	3,7692509158333333333333333333	3,78075487483	3,813210682226	-0,00710552002064	3,7342706503
28.06.2019 00:00:00	3,7342706503	3,73934529258	3,76308028482	3,76559872648	3,775364560155	3,812276457904	-0,01059484730144	3,7383910477
01.07.2019 00:00:00	3,7383910477	3,74022694252	3,7576689000	3,76328953396	3,770808922555	3,811420882698	-0,01356178482602	3,7544465092
02.07.2019 00:00:00	3,7544465092	3,74361009754	3,75238592063	3,76224321172	3,76819862617	3,810445812882	-0,01221130263140	3,7570176215
03.07.2019 00:00:00	3,7570176215	3,74467037242	3,74734350503	3,7618470300733333333333333333	3,76604328889	3,809349615734	-0,01113450399877	3,7596562721
04.07.2019 00:00:00	3,7596562721	3,74875642016	3,74694051103	3,7610719963	3,764127291915	3,808004245324	-0,00787072764625	3,7698934281
05.07.2019 00:00:00	3,7698934281	3,75588097572	3,74761313415	3,76068051512	3,76316928879	3,806174747168	-0,00477636768619	3,7922425323
08.07.2019 00:00:00	3,7922425323	3,76665127264	3,75343910758	3,7606630242133333333333333333	3,76412996863	3,804990944262	-0,00165518482555	3,8045515395
09.07.2019 00:00:00	3,8045515395	3,7766722787	3,76014118812	3,76048137332	3,765850478465	3,80405237864	0,00287164594775	3,8090909091
10.07.2019 00:00:00	3,8090909091	3,78708693622	3,76587865432	3,7605913154266666666666666667	3,76815700661	3,803807026204	0,00790761329765	3,7821001329
11.07.2019 00:00:00	3,7821001329	3,79157570838	3,77016606427	3,7618189101466666666666666667	3,76869792432	3,803102257546	0,01092439923984	3,7923220475
12.07.2019 00:00:00	3,7923220475	3,79606143226	3,77597120399	3,7637625668533333333333333333	3,769525744405	3,802116784556	0,01299731134779	3,7822344485
15.07.2019 00:00:00	3,7822344485	3,7940598155	3,78035554407	3,7669793435533333333333333333	3,769012222035	3,801268929548	0,01323228581949	3,7917669072
16.07.2019 00:00:00	3,7917669072	3,79150288904	3,78408758387	3,7705950884266666666666666667	3,76823675225	3,800462336534	0,01376363250939	3,8021399911
17.07.2019 00:00:00	3,8021399911	3,79011270544	3,78859982083	3,77395667136	3,76797166293	3,799890246158	0,01346036960586	3,797788873
18.07.2019 00:00:00	3,797788873	3,79325045346	3,79241308092	3,7778608606666666666666666667	3,769676795975	3,799130219098	0,01132746372727	3,7921788705
19.07.2019 00:00:00	3,7921788705	3,79322181806	3,79464162516	3,78172140868	3,771127379655	3,798464446552	0,00844969469041	3,7877842176
22.07.2019 00:00:00	3,7877842176	3,79433177188	3,79419579369	3,7850142866733333333333333333	3,773817450635	3,797656324768	0,00502241285043	3,8035442585
23.07.2019 00:00:00	3,8035442585	3,79668724214	3,79409506559	3,78828746996	3,777118126855	3,797010659074	0,00475445131071	3,8192998205
24.07.2019 00:00:00	3,8192998205	3,80011920802	3,79511595673	3,79243961656	3,780497305525	3,796326101966	0,00469865342626	3,8211426001
25.07.2019 00:00:00	3,8211426001	3,80478995344	3,79902020345	3,7965387050933333333333333333	3,78459313386	3,796051640748	0,00583463222580	3,83102891
26.07.2019 00:00:00	3,83102891	3,81255996134	3,8028908897	3,8006144038866666666666666667	3,789431046845	3,79563856338	0,00673734337911	3,8498066373
29.07.2019 00:00:00	3,8498066373	3,82496444528	3,80964810858	3,8044520108866666666666666667	3,795001826325	3,79567938136	0,00786200157116	3,8472296934
30.07.2019 00:00:00	3,8472296934	3,83370153226	3,8151943872	3,8072972211466666666666666667	3,799640985535	3,795462430564	0,00926476654228	3,8482647296
31.07.2019 00:00:00	3,8482647296	3,83949451408	3,81980686105	3,80990880918	3,80420334094	3,795374641278	0,01145610788849	3,8940835372
01.08.2019 00:00:00	3,8940835372	3,8540827015	3,82943632747	3,8173743694666666666666666667	3,810924704195	3,795935188044	0,01655287129737	3,8730415991
02.08.2019 00:00:00	3,8730415991	3,86248523932	3,83752260033	3,8227556729066666666666666667	3,816082112745	3,796567558418	0,01887038575853	3,8581649079
05.08.2019 00:00:00	3,8581649079	3,86415689344	3,84456066936	3,8278177035333333333333333333	3,819378231525	3,797047520266	0,01839842086705	3,8543845535
06.08.2019 00:00:00	3,8543845535	3,86558786546	3,84964469886	3,8319922132866666666666666667	3,821869882225	3,797382173452	0,01782889927548	3,8541331905
07.08.2019 00:00:00	3,8541331905	3,86676155764	3,85312803586	3,83545842658	3,824121996295	3,797379860568	0,01635322534707	3,861967301
08.08.2019 00:00:00	3,861967301	3,8603383104	3,85721050595	3,8397369884466666666666666667	3,8281153547	3,797581304666	0,01423196540673	3,8570280407
09.08.2019 00:00:00	3,8570280407	3,85713559872	3,85981041902	3,84406026646	3,83135065436	3,797880326604	0,01245076041160	3,8659103091
12.08.2019 00:00:00	3,8659103091	3,85868467896	3,8614207862	3,84926867256	3,83553444739	3,798608456792	0,01117592133579	3,864908216
13.08.2019 00:00:00	3,864908216	3,86078941146	3,86318863846	3,85335960306	3,83919151283	3,799773572374	0,00639749674062	3,9077583125
14.08.2019 00:00:00	3,9077583125	3,87151443586	3,86913799675	3,85925683586	3,8444724289	3,801926251282	0,00598042486691	3,9352466368
15.08.2019 00:00:00	3,9352466368	3,88617030302	3,87325430671	3,86686377164	3,85134531709	3,804671659786	0,00857237135067	3,9166666667
16.08.2019 00:00:00	3,9166666667	3,89809802822	3,87761681347	3,87257295542	3,8575697069	3,807223923308	0,01047376160528	3,9360533189
19.08.2019 00:00:00	3,9360533189	3,91212663018	3,88540565457	3,8783227341933333333333333333	3,864983161965	3,810484410976	0,01331816029650	3,9321054532
20.08.2019 00:00:00	3,9321054532	3,92556607762	3,89317774454	3,88398111818	3,8714112217	3,813723693184	0,01526450072900	3,9201188761
21.08.2019 00:00:00	3,9201188761	3,92803819034	3,8997763131	3,8887713946133333333333333333	3,87645217448	3,816866863782	0,01709930515512	3,9378327168
22.08.2019 00:00:00	3,9378327168	3,92855540634	3,90736285468	3,8916880065866666666666666667	3,882286680315	3,820197882544	0,01901201862332	3,9358337099
23.08.2019 00:00:00	3,9358337099	3,93238881498	3,9152434216	3,8958741473066666666666666667	3,88752692031	3,823399243826	0,02071883830004	3,9242533285
26.08.2019 00:00:00	3,9242533285	3,9300288169	3,92107772354	3,9002800420133333333333333333	3,89124925487	3,826034212478	0,01928983657062	3,9351585014
27.08.2019 00:00:00	3,9351585014	3,93063942654	3,92810275208	3,9056649718733333333333333333	3,89564569527	3,828591856448	0,01611091270138	3,9586754489
28.08.2019 00:00:00	3,9586754489	3,9383507411	3,93319446572	3,9126344557666666666666666667	3,901166231235	3,831616529876	0,01566321796108	3,9567377168
29.08.2019 00:00:00	3,9567377168	3,9421317411	3,93534357372	3,9189524834866666666666666667	3,904298940215	3,83547755997	0,01361166173538	3,9699166365
30.08.2019 00:00:00	3,9699166365	3,94894832642	3,9406685707	3,9264783898733333333333333333	3,909142692085	3,839612548762	0,01279093762110	3,9834974471
02.09.2019 00:00:00	3,9834974471	3,96079715014	3,94541298352	3,9343175324066666666666666667	3,915409319045	3,844602841744	0,01386971237113	3,9922282161
03.09.2019 00:00:00	3,9922282161	3,97221109308	3,95142525981	3,9428055324133333333333333333	3,922301502175	3,849696791384	0,01388803889013	3,9385550917
04.09.2019 00:00:00	3,9385550917	3,96818702164	3,95326888137	3,9448586510266666666666666667	3,926522597235	3,853433568276	0,01125092813103	3,9246699222
05.09.2019 00:00:00	3,9246699222	3,96177346272	3,95195260191	3,94415353672	3,929657728295	3,857142446052	0,00896118338888	3,9352498413
06.09.2019 00:00:00	3,9352498413	3,95484010368	3,95189421505	3,9453924150266666666666666667	3,933568818325	3,861162029872	0,00752172185385	3,927762168
09.09.2019 00:00:00	3,927762168	3,94369304786	3,9522450990	3,9448396716333333333333333333	3,93666141127	3,864949452278	0,00458284884926	3,925634058
10.09.2019 00:00:00	3,925634058	3,93037421624	3,95129265466	3,9444082452866666666666666667	3,93969770337	3,868373203254	0,00159418756283	3,938471326
11.09.2019 00:00:00	3,938471326	3,9303574631	3,94927224237	3,9456317419466666666666666667	3,941233354045	3,872002277344	-0,00099034362494	3,9500136824
12.09.2019 00:00:00	3,9500136824	3,93542621514	3,94859983893	3,94644380632	3,941971706325	3,87580942555	-0,00378053220943	3,8976207642
13.09.2019 00:00:00	3,8976207642	3,92790039972	3,9413702517	3,9438962766066666666666666667	3,9410194112	3,878363972272	-0,01010284526063	3,9199528601
16.09.2019 00:00:00	3,9199528601	3,92633853814	3,9350157930	3,9436095787133333333333333333	3,94021438826	3,880918178828	-0,01014069629651	3,9376020316
17.09.2019 00:00:00	3,9376020316	3,92873213286	3,92955317455	3,9437724807266666666666666667	3,94048921718	3,88357918867	-0,00818457851874	3,9238215869
18.09.2019 00:00:00	3,9238215869	3,92580218504	3,92807982407	3,9414488899266666666666666667	3,94067435272	3,885873802226	-0,00822125551353	3,9203036053
19.09.2019 00:00:00	3,9203036053	3,91986016962	3,92764319238	3,93901994916	3,939797897145	3,888637871674	-0,00766554401601	3,9505893019
20.09.2019 00:00:00	3,9505893019	3,93045387716	3,92917713844	3,9377314601866666666666666667	3,940535676745	3,891803216762	-0,00485096410933	3,9890760127
23.09.2019 00:00:00	3,9890760127	3,94427850768	3,93530852291	3,93810336456	3,943776810955	3,895940048046	-0,00118829380999	3,9819140234
24.09.2019 00:00:00	3,9819140234	3,95314090604	3,94093651945	3,9374157517133333333333333333	3,946114587055	3,89974299037	0,00110151417200	3,9988162448
25.09.2019 00:00:00	3,9988162448	3,96813983762	3,94697101133	3,94143316192	3,94812162685	3,903676515444	0,00833336381347	4,0108795027
26.09.2019 00:00:00	4,0108795027	3,9862550171	3,95305759336	3,9471804672866666666666666667	3,950828716145	3,907938328038	0,01399918363846	4,0114311843
27.09.2019 00:00:00	4,0114311843	3,99842339358	3,96443863537	3,9522592234866666666666666667	3,952904443535	3,912323374314	0,01672083290690	4,0207548903
30.09.2019 00:00:00	4,0207548903	4,0047591691	3,97451883839	3,9584587383066666666666666667	3,954767315695	3,916982787768	0,02045205810486	4,016700312
01.10.2019 00:00:00	4,016700312	4,01171642682	3,98242866643	3,9645298219066666666666666667	3,95599092049	3,921245908838	0,02406251502091	3,9998169336
02.10.2019 00:00:00	3,9998169336	4,01191656458	3,9900282011	3,96861952908	3,959054012585	3,9248562511	0,02393482528350	3,9631083919
03.10.2019 00:00:00	3,9631083919	4,00236234242	3,99430867976	3,9694925097133333333333333333	3,96097593607	3,927695566936	0,01882859047749	3,9388833227
04.10.2019 00:00:00	3,9388833227	3,9878527701	3,99313808184	3,9722433469466666666666666667	3,96115761014	3,92985265519	0,01368511664856	3,9404166288
07.10.2019 00:00:00	3,9404166288	3,9717851178	3,98827214345	3,9736075981933333333333333333	3,96179033318	3,93166485502	0,00809470150034	3,9437465866
08.10.2019 00:00:00	3,9437465866	3,95719437272	3,98445539977	3,9740172351933333333333333333	3,96269595961	3,933595192884	0,00128794171304	3,9373463255
09.10.2019 00:00:00	3,9373463255	3,9447002511	3,97830840784	3,9749188844333333333333333333	3,962639709585	3,935376824802	-0,00478850516316	3,915049864
10.10.2019 00:00:00	3,915049864	3,93508854552	3,96872544397	3,9745686350133333333333333333	3,960891518665	3,935796151338	-0,01184772157690	3,8990310604
11.10.2019 00:00:00	3,8990310604	3,92711809306	3,95748543158	3,9711314189133333333333333333	3,960962033475	3,936315940564	-0,01906050152024	3,8918502402
14.10.2019 00:00:00	3,8918502402	3,91740481534	3,94459496657	3,9646497007466666666666666667	3,95955690248	3,93698964721	-0,02474534747208	3,9026074316
15.10.2019 00:00:00	3,9026074316	3,90917698434	3,93318567853	3,9593625946266666666666666667	3,95780717248	3,937954104772	-0,02588326347991	3,8961451247
16.10.2019 00:00:00	3,8961451247	3,90093674418	3,92281849764	3,9525178532866666666666666667	3,95642334937	3,938794343456	-0,02466517258578	3,8562944299
17.10.2019 00:00:00	3,8562944299	3,88918565736	3,91213710144	3,9422121817666666666666666667	3,9532228906	3,938680886034	-0,02604252854246	3,8444903087
18.10.2019 00:00:00	3,8444903087	3,87827750702	3,90269780004	3,93108279006	3,94791794094	3,938430131394	-0,02785145909781	3,8295891882
21.10.2019 00:00:00	3,8295891882	3,86582529662	3,89161505598	3,91833840992	3,939943599715	3,937703708976	-0,02958231703142	3,8434860737
22.10.2019 00:00:00	3,8434860737	3,85400102504	3,88158900469	3,9067907940333333333333333333	3,93302220223	3,93727526613	-0,02867161112834	3,8466241122
23.10.2019 00:00:00	3,8466241122	3,84409682254	3,87251678336	3,8965779392733333333333333333	3,9254125956	3,936052582124	-0,02628024647518	3,8434579439
24.10.2019 00:00:00	3,8434579439	3,84152952534	3,86535759135	3,88860124274	3,91704151766	3,934216808266	-0,02384236245105	3,8513550014
25.10.2019 00:00:00	3,8513550014	3,84290246388	3,86058998545	3,88276602132	3,909037708515	3,93291057496	-0,02236042692651	3,8527103815
28.10.2019 00:00:00	3,8527103815	3,84752670254	3,85667599958	3,8769189381666666666666666667	3,900635483075	3,931243716212	-0,02119765936379	3,8479495268
29.10.2019 00:00:00	3,8479495268	3,84841939316	3,8512102091	3,8705324675133333333333333333	3,892197943815	3,929560597684	-0,01788856921712	3,8383756528
30.10.2019 00:00:00	3,8383756528	3,84676970128	3,84543326191	3,8639344226666666666666666667	3,884125879775	3,927925733218	-0,01451950858705	3,8175542406
31.10.2019 00:00:00	3,8175542406	3,84158896062	3,84155924298	3,85743471444	3,87684817221	3,925520163694	-0,01145143142224	3,8185654008
01.11.2019 00:00:00	3,8185654008	3,8350310405	3,83896675219	3,8520703371333333333333333333	3,870832276115	3,923174797512	-0,00981243816904	3,8168130489
04.11.2019 00:00:00	3,8168130489	3,82785157398	3,83768913826	3,8470678577133333333333333333	3,86465209712	3,92102599192	-0,00911816555291	3,8385993339
05.11.2019 00:00:00	3,8385993339	3,8259815354	3,83720046428	3,8428006512	3,859394734485	3,91909480857	-0,00736402528249	3,8496844004
06.11.2019 00:00:00	3,8496844004	3,82824328492	3,8375064931	3,83970326958	3,85501163823	3,9169149876	-0,00590993564357	3,8505913153
07.11.2019 00:00:00	3,8505913153	3,83485069986	3,83821983024	3,83932306194	3,851788710795	3,91479205957	-0,0044379963983	3,8617001994
08.11.2019 00:00:00	3,8617001994	3,84347765958	3,83925435004	3,8404703879866666666666666667	3,849922167745	3,912627730828	-0,00226546620707	3,8707544606
11.11.2019 00:00:00	3,8707544606	3,85426594192	3,84105875795	3,84321473948	3,848867378765	3,910372871098	0,00011893256984	3,8807989106
12.11.2019 00:00:00	3,8807989106	3,86270585726	3,84434369633	3,84570226194	3,847776952715	3,908144284988	0,00416050869199	3,8955115392
13.11.2019 00:00:00	3,8955115392	3,87187128502	3,85005728497	3,84896142374	3,84774527344	3,907283413938	0,00824079521184	3,9034282077
14.11.2019 00:00:00	3,9034282077	3,8824386635	3,85864468168	3,8529594413266666666666666667	3,85010196233	3,906858579648	0,01276355686695	3,8775602683
15.11.2019 00:00:00	3,8775602683	3,88561067728	3,86454416843	3,85470645912	3,85175546031	3,905704788188	0,01381277500788	3,879848115
18.11.2019 00:00:00	3,879848115	3,88742940816	3,87084767504	3,8565156413533333333333333333	3,85426840665	3,904746507128	0,01398299243852	3,8708133971
19.11.2019 00:00:00	3,8708133971	3,88543230546	3,87406908136	3,8580398993733333333333333333	3,85563477282	3,90365009391	0,01372366642496	3,882086988
20.11.2019 00:00:00	3,882086988	3,88274739522	3,87730934012	3,8609539883866666666666666667	3,85740791661	3,90252240715	0,01330420755406	3,8743125056
21.11.2019 00:00:00	3,8743125056	3,8769242548	3,87968145915	3,86473787272	3,858950644695	3,901008383614	0,01171505398516	3,8865075059
